num_facts,duration,error
2665,0.02193737030029297,0.0009020441040009745
17668,0.07483839988708496,0.0007503508319492628
81640,0.37241172790527344,0.07244412804677727
278331,1.3112281163533528,0.047103870692379826
769187,3.9183696111043296,0.4210212617599033
1830222,9.809668699900309,0.9154367537754644
3896506,24.61720887819926,1.451801019084765
7613437,46.69417476654053,2.909982327546383
